Mach,CD Power-Off
0.01,0.30902848
0.02,0.3796069
0.03,0.393224125
0.04,0.395596552
0.05,0.394548556
0.06,0.392289763
0.07,0.389609036
0.08,0.386826082
0.09,0.384078809
0.1,0.382797828
0.11,0.382746837
0.12,0.382695888
0.13,0.38264498
0.14,0.382594114
0.15,0.38254329
0.16,0.382492507
0.17,0.382441767
0.18,0.38239107
0.19,0.382340414
0.2,0.382289801
0.21,0.382239231
0.22,0.382188704
0.23,0.38213822
0.24,0.382087778
0.25,0.38203738
0.26,0.382062656
0.27,0.382087957
0.28,0.382113302
0.29,0.382138709
0.3,0.382164141
0.31,0.382189617
0.32,0.382215155
0.33,0.382240719
0.34,0.382266327
0.35,0.382291997
0.36,0.382317694
0.37,0.382343435
0.38,0.382369221
0.39,0.382395069
0.4,0.382420944
0.41,0.382446864
0.42,0.382472847
0.43,0.382498856
0.44,0.382524911
0.45,0.382551028
0.46,0.382577173
0.47,0.382603363
0.48,0.382629616
0.49,0.382655897
0.5,0.382682223
0.51,0.382708613
0.52,0.38273503
0.53,0.382761492
0.54,0.382788019
0.55,0.382814573
0.56,0.382841173
0.57,0.382867818
0.58,0.382894528
0.59,0.382921265
0.6,0.382948049
0.61,0.383111731
0.62,0.383270531
0.63,0.383429378
0.64,0.383588271
0.65,0.38374721
0.66,0.383906213
0.67,0.384065244
0.68,0.384224322
0.69,0.384383446
0.7,0.384542616
0.71,0.384701851
0.72,0.384861114
0.73,0.385020424
0.74,0.38517978
0.75,0.385339183
0.76,0.38549865
0.77,0.385658146
0.78,0.385817688
0.79,0.385977277
0.8,0.386136931
0.81,0.386296613
0.82,0.386456342
0.83,0.386616117
0.84,0.386775939
0.85,0.386935826
0.86,0.387095742
0.87,0.387255704
0.88,0.387415713
0.89,0.387575769
0.9,0.38773589
0.91,0.390372494
0.92,0.398282306
0.93,0.415338766
0.94,0.437586969
0.95,0.459835172
0.96,0.482083375
0.97,0.504331578
0.98,0.526579781
0.99,0.548827984
1,0.571076187
1.01,0.59332439
1.02,0.615572593
1.03,0.637820796
1.04,0.660068999
1.05,0.682317202
1.06,0.679419873
1.07,0.676561507
1.08,0.673741161
1.09,0.670957789
1.1,0.668210338
1.11,0.66549811
1.12,0.66282004
1.13,0.660175428
1.14,0.657563379
1.15,0.654983073
1.16,0.65206488
1.17,0.649165065
1.18,0.64629632
1.19,0.643329605
1.2,0.640058252
1.21,0.636820169
1.22,0.633614666
1.23,0.63044113
1.24,0.627299101
1.25,0.624187688
1.26,0.621106519
1.27,0.618054909
1.28,0.615032412
1.29,0.612038454
1.3,0.609072565
1.31,0.606134091
1.32,0.603222686
1.33,0.600337799
1.34,0.597479061
1.35,0.59464584
1.36,0.591837901
1.37,0.589054701
1.38,0.586295799
1.39,0.583560843
1.4,0.580849326
1.41,0.578161116
1.42,0.575495569
1.43,0.572852467
1.44,0.570231401
1.45,0.567633399
1.46,0.565058435
1.47,0.562505299
1.48,0.559973729
1.49,0.557463301
1.5,0.554973435
1.51,0.55250398
1.52,0.550054607
1.53,0.547624779
1.54,0.545214463
1.55,0.542823142
1.56,0.540450703
1.57,0.538096846
1.58,0.53576114
1.59,0.533443479
1.6,0.531143577
1.61,0.528861127
1.62,0.526595823
1.63,0.52434764
1.64,0.522116195
1.65,0.519901273
1.66,0.517702652
1.67,0.515520111
1.68,0.513353462
1.69,0.511202434
1.7,0.509066899
1.71,0.506946579
1.72,0.504841324
1.73,0.502750907
1.74,0.500675156
1.75,0.49861387
1.76,0.496566876
1.77,0.49453399
1.78,0.492515019
1.79,0.490509799
1.8,0.488518153
1.81,0.48653993
1.82,0.484574935
1.83,0.482623027
1.84,0.480684034
1.85,0.478757818
1.86,0.476844196
1.87,0.474943019
1.88,0.473054158
1.89,0.471177452
1.9,0.469312768
1.91,0.467459936
1.92,0.465618838
1.93,0.46378933
1.94,0.461971264
1.95,0.460164522
1.96,0.45836898
1.97,0.456584482
1.98,0.454810916
1.99,0.453048138
2,0.451296052
2.01,0.44968903
2.02,0.448086943
2.03,0.446497508
2.04,0.444920609
2.05,0.44335608
2.06,0.441803804
2.07,0.440263634
2.08,0.438735442
2.09,0.437219092
2.1,0.435714463
2.11,0.434221421
2.12,0.432739851
2.13,0.431269622
2.14,0.429810609
2.15,0.428362723
2.16,0.426925811
2.17,0.425499764
2.18,0.42408448
2.19,0.422679823
2.2,0.421285711
2.21,0.419902034
2.22,0.418528663
2.23,0.417165513
2.24,0.415812476
2.25,0.41446942
2.26,0.413136283
2.27,0.411812939
2.28,0.410499313
2.29,0.409195288
2.3,0.407900753
2.31,0.406615652
2.32,0.405339864
2.33,0.404073305
2.34,0.402815878
2.35,0.401567499
2.36,0.400328076
2.37,0.399097509
2.38,0.397875723
2.39,0.396662639
2.4,0.39545817
2.41,0.39426221
2.42,0.393074707
2.43,0.391895562
2.44,0.390724683
2.45,0.389562
2.46,0.388407443
2.47,0.38726093
2.48,0.386122374
2.49,0.3849917
2.5,0.383868839
2.51,0.382753701
2.52,0.381646225
2.53,0.38054632
2.54,0.379453938
2.55,0.378369002
2.56,0.377291425
2.57,0.376172407
2.58,0.375037715
2.59,0.37390978
2.6,0.372788537
2.61,0.371673902
2.62,0.370565807
2.63,0.369464192
2.64,0.368368977
2.65,0.367280102
2.66,0.366197482
2.67,0.365121069
2.68,0.364050767
2.69,0.362986523
2.7,0.361928282
2.71,0.360875968
2.72,0.35982951
2.73,0.358788863
2.74,0.357753936
2.75,0.356724683
2.76,0.355701038
2.77,0.35468293
2.78,0.353670291
2.79,0.352663084
2.8,0.351661227
2.81,0.350664678
2.82,0.349673358
2.83,0.348687215
2.84,0.347706178
2.85,0.346730202
2.86,0.345759231
2.87,0.344793186
2.88,0.343832038
2.89,0.342875709
2.9,0.341924146
2.91,0.340977285
2.92,0.3400351
2.93,0.339097487
2.94,0.338164439
2.95,0.33723587
2.96,0.336311736
2.97,0.335391986
2.98,0.334476557
2.99,0.333565394
3,0.332658463
